Fold,Actual_CBR,Predicted_CBR,Residual
1,2.12,3.2104,1.0904
1,2.66,3.6008,0.9408
1,4.29,4.4506,0.1606
1,3.65,3.8878,0.2378
1,4.23,6.733,2.503
1,3.87,3.6763,0.1937
1,6.46,5.1769,1.2831
1,4.42,5.5514,1.1314
1,4.18,4.6077,0.4277
1,3.42,4.4159,0.9959
1,3.01,4.9141,1.9041
1,2.68,2.3596,0.3204
1,2.8,2.8713,0.0713
1,3.97,4.7609,0.7909
1,4.23,13.6146,9.3846
1,3.88,10.7614,6.8814
1,4.75,3.4826,1.2674
1,2.56,3.6157,1.0557
1,3.42,3.2035,0.2165
1,3.13,3.9315,0.8015
1,3.32,3.8893,0.5693
1,3.25,4.1757,0.9257
1,4.68,4.2422,0.4378
1,4.48,3.7941,0.6859
1,4.16,4.3247,0.1647
1,5.21,8.8765,3.6665
1,4.71,3.9893,0.7207
1,4.52,6.7321,2.2121
1,4.15,4.5829,0.4329
1,4.51,4.2401,0.2699
1,4.67,3.7126,0.9574
1,23.78,13.7177,10.0623
1,21.61,22.4851,0.8751
1,33.3,34.1639,0.8639
1,33.93,35.0003,1.0703
1,31.95,33.4994,1.5494
1,36.23,32.606,3.624
1,34.89,32.606,2.284
1,43.5,12.5941,30.9059
1,43.61,35.7103,7.8997
1,36.37,38.1227,1.7527
1,36.37,38.1863,1.8163
1,40.05,40.3363,0.2863
1,34.0,35.0453,1.0453
1,34.0,34.2293,0.2293
1,38.0,38.0003,0.0003
1,39.0,37.728,1.272
1,38.0,37.5271,0.4729
1,39.41,38.3956,1.0144
1,36.0,44.3264,8.3264
1,39.41,38.4795,0.9305
1,48.0,40.2901,7.7099
1,39.0,36.6724,2.3276
1,34.0,36.1525,2.1525
1,36.0,34.8557,1.1443
1,32.0,36.6037,4.6037
1,32.0,33.0378,1.0378
1,36.0,37.2101,1.2101
1,37.0,37.3202,0.3202
1,38.0,37.479,0.521
1,36.0,36.8648,0.8648
1,34.0,39.2791,5.2791
1,39.4,39.5488,0.1488
1,36.0,35.279,0.721
1,39.4,39.6586,0.2586
1,37.0,37.0784,0.0784
1,38.0,37.7144,0.2856
1,38.0,37.3924,0.6076
1,37.0,36.6624,0.3376
1,40.0,35.5732,4.4268
1,24.0,13.8071,10.1929
1,18.0,13.1084,4.8916
1,29.0,29.2137,0.2137
1,29.0,29.5689,0.5689
1,28.0,27.606,0.394
1,21.0,23.0332,2.0332
1,29.0,29.1723,0.1723
1,22.0,22.0342,0.0342
1,25.0,24.0619,0.9381
1,29.0,29.114,0.114
1,20.0,17.1672,2.8328
1,29.0,29.2198,0.2198
1,22.0,19.8142,2.1858
1,12.0,16.6915,4.6915
1,22.0,20.7658,1.2342
1,28.0,27.8351,0.1649
1,20.0,13.697,6.303
1,19.0,19.6493,0.6493
1,33.0,31.1895,1.8105
1,30.0,28.6884,1.3116
1,33.0,32.2595,0.7405
1,24.0,22.58,1.42
1,29.0,28.8497,0.1503
1,3.9,3.8116,0.0884
1,11.0,6.1394,4.8606
1,7.1,3.1948,3.9052
1,6.3,2.6807,3.6193
1,3.7,3.2898,0.4102
1,9.0,3.9931,5.0069
1,2.3,5.9755,3.6755
1,4.0,5.185,1.185
1,5.1,7.3078,2.2078
1,2.4,6.3392,3.9392
1,2.7,6.7224,4.0224
1,1.4,6.187,4.787
1,18.7794,18.3031,0.4763
1,18.3052,18.1486,0.1566
1,22.2328,21.8063,0.4265
1,19.1221,18.3791,0.743
1,19.7534,19.6126,0.1408
1,29.9417,29.6869,0.2548
1,18.3585,18.1486,0.2099
1,19.95,20.2094,0.2594
1,21.3078,21.3293,0.0215
1,21.7516,21.5062,0.2454
1,20.0409,20.2316,0.1907
1,20.6574,20.5952,0.0622
1,23.12,20.5048,2.6152
1,21.1166,21.4222,0.3056
1,17.479,18.4131,0.9341
1,18.3277,19.7317,1.404
1,18.8073,19.7317,0.9244
1,17.3447,17.5654,0.2207
1,17.7141,18.6844,0.9703
1,17.233,16.9297,0.3033
1,20.7819,21.0099,0.228
1,20.4908,20.5837,0.0929
1,20.3372,20.4866,0.1494
1,21.0589,21.0099,0.049
1,16.0528,16.1085,0.0557
1,14.023,14.5274,0.5044
1,28.0,16.5661,11.4339
1,37.0,32.5848,4.4152
1,26.0,16.0989,9.9011
1,21.0,12.5683,8.4317
1,19.3,12.3933,6.9067
1,48.9,35.3117,13.5883
1,49.0,47.8219,1.1781
1,8.46,7.9181,0.5419
1,8.36,7.9839,0.3761
1,9.03,7.9181,1.1119
1,8.78,10.9502,2.1702
1,8.59,10.0199,1.4299
1,7.7,7.7615,0.0615
1,9.19,8.4101,0.7799
1,8.65,8.2035,0.4465
1,8.74,8.5511,0.1889
1,10.12,13.9862,3.8662
1,2.38,2.326,0.054
1,2.38,2.6434,0.2634
1,9.39,10.4956,1.1056
1,2.38,2.6434,0.2634
1,3.51,3.0163,0.4937
1,3.0,2.8628,0.1372
1,3.0,2.8628,0.1372
1,8.0,8.1496,0.1496
1,10.0,8.6041,1.3959
1,7.0,6.4938,0.5062
1,7.0,6.9866,0.0134
1,8.0,7.285,0.715
1,8.0,7.3021,0.6979
1,8.0,7.3021,0.6979
1,5.75,5.4009,0.3491
1,5.51,5.7239,0.2139
1,5.1,7.4428,2.3428
1,8.2,8.8013,0.6013
1,7.31,10.6162,3.3062
1,11.77,10.219,1.551
1,9.09,11.3476,2.2576
1,4.37,4.9613,0.5913
1,5.31,5.1407,0.1693
1,4.03,4.1203,0.0903
1,6.1,7.831,1.731
1,6.3,7.9296,1.6296
1,7.25,7.805,0.555
1,7.65,5.5504,2.0996
1,7.95,5.8324,2.1176
1,2.83,3.6934,0.8634
1,1.89,2.4748,0.5848
1,3.51,3.0163,0.4937
1,2.38,2.326,0.054
1,1.75,2.3618,0.6118
1,3.51,3.0163,0.4937
1,31.6,31.4556,0.1444
1,25.2,25.3865,0.1865
1,14.95,18.701,3.751
1,6.4,5.731,0.669
1,3.4,3.9436,0.5436
1,5.0,3.8501,1.1499
1,4.4,3.3746,1.0254
1,4.3,6.0195,1.7195
1,4.2,4.7808,0.5808
1,5.4,4.7262,0.6738
1,2.8,3.3737,0.5737
1,6.09,5.731,0.359
1,5.42,3.8501,1.5699
1,4.8,4.62,0.18
1,3.76,3.0549,0.7051
1,3.26,3.9087,0.6487
1,6.29,6.3732,0.0832
1,4.34,4.5976,0.2576
1,7.91,7.6968,0.2132
1,5.25,3.8501,1.3999
1,7.34,7.5765,0.2365
1,5.64,5.8225,0.1825
1,5.05,4.3774,0.6726
1,4.93,4.7262,0.2038
1,3.26,3.3737,0.1137
1,2.2,2.1758,0.0242
1,2.9,3.4772,0.5772
1,2.6,2.5428,0.0572
1,4.0,4.026,0.026
1,3.1,4.1305,1.0305
1,2.3,3.7711,1.4711
1,2.4,2.6351,0.2351
1,3.4,3.404,0.004
1,3.7,3.1167,0.5833
1,2.5,3.8346,1.3346
1,30.0,28.4721,1.5279
1,15.0,14.8481,0.1519
1,24.76,16.8692,7.8908
1,18.78,18.3478,0.4322
1,18.73,4.8254,13.9046
1,17.78,7.1349,10.6451
1,0.53,0.519,0.011
1,0.3,0.3698,0.0698
1,0.35,0.3607,0.0107
1,0.46,0.3607,0.0993
1,0.48,0.3607,0.1193
1,0.9,0.5791,0.3209
1,0.18,0.3315,0.1515
1,0.33,0.3698,0.0398
1,0.47,0.4084,0.0616
1,0.27,0.3315,0.0615
1,0.29,0.3698,0.0798
1,0.9,0.6457,0.2543
1,0.33,0.3315,0.0015
1,5.6,4.8063,0.7937
1,4.0,4.087,0.087
1,3.57,3.8107,0.2407
1,5.1,4.6713,0.4287
1,3.79,4.087,0.297
1,4.0,3.8685,0.1315
1,4.0,3.8685,0.1315
1,4.1,4.1998,0.0998
1,4.0,4.1998,0.1998
1,3.69,3.8836,0.1936
1,3.52,3.8107,0.2907
1,3.52,3.8836,0.3636
1,4.0,3.8148,0.1852
1,3.5,3.8148,0.3148
1,4.3,3.7752,0.5248
1,4.0,3.7942,0.2058
1,4.0,3.6937,0.3063
1,3.11,3.4229,0.3129
1,3.66,3.4897,0.1703
1,3.01,3.3932,0.3832
1,2.97,3.5713,0.6013
1,3.82,3.84,0.02
1,4.0,4.006,0.006
1,4.03,3.9746,0.0554
1,3.69,3.8078,0.1178
1,3.08,3.9738,0.8938
1,4.03,3.9746,0.0554
1,3.25,3.8078,0.5578
1,3.6,3.7698,0.1698
1,3.25,3.7401,0.4901
1,3.11,3.5176,0.4076
1,2.91,3.5176,0.6076
1,13.55,6.287,7.263
1,5.04,4.7888,0.2512
1,3.8,4.7354,0.9354
1,5.6,6.2147,0.6147
1,2.54,3.6,1.06
1,3.12,4.5915,1.4715
1,1.31,4.3544,3.0444
1,11.0,12.6594,1.6594
1,5.0,10.5682,5.5682
1,5.0,5.3058,0.3058
1,4.0,18.6945,14.6945
1,5.0,3.7386,1.2614
1,10.0,17.244,7.244
1,3.63,2.905,0.725
1,3.4,4.0902,0.6902
1,3.51,3.0163,0.4937
1,2.63,2.2479,0.3821
1,1.75,2.3618,0.6118
1,2.38,2.6434,0.2634
1,3.51,3.0163,0.4937
1,74.51,68.5395,5.9705
1,38.3,34.0732,4.2268
1,20.4,20.1043,0.2957
1,18.4,21.251,2.851
1,14.95,21.3898,6.4398
1,63.9,53.9254,9.9746
1,59.1,53.9254,5.1746
1,32.78,33.3926,0.6126
1,21.69,24.7738,3.0838
1,0.244,0.3311,0.0871
1,0.32,0.3315,0.0115
1,0.402,0.3315,0.0705
1,0.223,0.3698,0.1468
1,0.487,0.3607,0.1263
1,0.474,0.3607,0.1133
1,0.939,0.5791,0.3599
1,0.266,0.3315,0.0655
1,0.264,0.3311,0.0671
1,0.388,0.3607,0.0273
1,0.313,0.3607,0.0477
1,0.442,0.3698,0.0722
1,0.41,0.3607,0.0493
1,0.205,0.3315,0.1265
1,0.525,0.519,0.006
1,0.27,0.3315,0.0615
1,0.348,0.3607,0.0127
1,0.311,0.3315,0.0205
1,0.389,0.3315,0.0575
1,0.295,0.3315,0.0365
1,0.88,0.5791,0.3009
1,0.204,0.3315,0.1275
1,0.218,0.3315,0.1135
1,0.247,0.3315,0.0845
1,0.183,0.3315,0.1485
1,0.218,0.3315,0.1135
1,0.372,0.3698,0.0022
1,0.471,0.4084,0.0626
1,0.309,0.3315,0.0225
1,0.27,0.3315,0.0615
1,0.353,0.3698,0.0168
1,0.329,0.3315,0.0025
1,0.372,0.3698,0.0022
1,0.329,0.3698,0.0408
1,0.292,0.3698,0.0778
1,0.182,0.3315,0.1495
1,0.565,0.5793,0.0143
1,0.292,0.3698,0.0778
2,1.93,3.7382,1.8082
2,1.86,3.7092,1.8492
2,3.56,3.5358,0.0242
2,3.1,3.7263,0.6263
2,3.41,13.6942,10.2842
2,4.35,3.463,0.887
2,5.57,5.2166,0.3534
2,5.66,4.7624,0.8976
2,4.98,8.6364,3.6564
2,4.21,4.0463,0.1637
2,4.33,3.6908,0.6392
2,5.83,4.1282,1.7018
2,4.3,5.4594,1.1594
2,3.88,3.9205,0.0405
2,5.12,3.9927,1.1273
2,4.51,4.2276,0.2824
2,5.68,4.6007,1.0793
2,4.1,4.1267,0.0267
2,3.87,4.3037,0.4337
2,3.78,3.8894,0.1094
2,2.56,3.8545,1.2945
2,3.1,4.1194,1.0194
2,3.87,3.9895,0.1195
2,4.92,3.6583,1.2617
2,3.42,3.2045,0.2155
2,2.65,3.2881,0.6381
2,2.64,3.4338,0.7938
2,3.27,3.4512,0.1812
2,4.62,4.2168,0.4032
2,4.87,6.0894,1.2194
2,4.87,4.1554,0.7146
2,4.27,4.021,0.249
2,3.28,3.8804,0.6004
2,23.7,21.9068,1.7932
2,19.7,21.9068,2.2068
2,35.1,32.5701,2.5299
2,33.54,34.1539,0.6139
2,38.23,37.4691,0.7609
2,35.81,35.7999,0.0101
2,44.34,8.0603,36.2797
2,54.2,4.5118,49.6882
2,47.43,21.256,26.174
2,42.77,38.5113,4.2587
2,57.95,25.7292,32.2208
2,40.0,28.511,11.489
2,39.0,38.6826,0.3174
2,32.0,35.4156,3.4156
2,38.0,38.3399,0.3399
2,27.0,38.452,11.452
2,38.0,37.4624,0.5376
2,36.0,37.4573,1.4573
2,38.0,37.4969,0.5031
2,39.0,36.1783,2.8217
2,39.4,34.8031,4.5969
2,38.0,37.3083,0.6917
2,38.0,36.8991,1.1009
2,36.0,35.5888,0.4112
2,39.4,24.5248,14.8752
2,27.0,27.0867,0.0867
2,29.0,28.8069,0.1931
2,27.0,28.8446,1.8446
2,22.0,21.5241,0.4759
2,28.0,27.2124,0.7876
2,30.0,29.5218,0.4782
2,30.0,29.1192,0.8808
2,23.0,24.6888,1.6888
2,20.0,17.1909,2.8091
2,32.0,31.9661,0.0339
2,30.0,27.9778,2.0222
2,30.0,32.0523,2.0523
2,26.0,31.4288,5.4288
2,20.0,21.491,1.491
2,18.0,16.0607,1.9393
2,29.0,28.9566,0.0434
2,33.0,28.8068,4.1932
2,29.0,29.4435,0.4435
2,18.0,16.6458,1.3542
2,33.0,37.2252,4.2252
2,32.0,32.6251,0.6251
2,25.0,23.4776,1.5224
2,22.0,20.596,1.404
2,16.0,12.5407,3.4593
2,5.4,2.3975,3.0025
2,5.7,8.2967,2.5967
2,3.9,4.8634,0.9634
2,2.4,5.3449,2.9449
2,3.1,4.6998,1.5998
2,6.1,13.2246,7.1246
2,2.0,3.8244,1.8244
2,0.83,2.4007,1.5707
2,2.6,3.5438,0.9438
2,10.0,11.8784,1.8784
2,17.8545,17.5087,0.3458
2,23.3642,22.5346,0.8296
2,22.5208,22.574,0.0532
2,19.7068,19.5423,0.1645
2,20.9626,20.5416,0.421
2,20.0612,19.6328,0.4284
2,23.12,25.3213,2.2013
2,28.8966,24.4344,4.4622
2,29.6222,30.2804,0.6582
2,29.3354,24.7305,4.6049
2,23.8,30.2804,6.4804
2,18.9546,18.4783,0.4763
2,19.7781,19.6432,0.1349
2,19.4736,18.7657,0.7079
2,20.4421,20.4066,0.0355
2,20.8964,20.7825,0.1139
2,20.5224,20.6288,0.1064
2,20.8693,20.8589,0.0104
2,24.289,24.3146,0.0256
2,20.5318,20.6288,0.097
2,21.3954,21.2383,0.1571
2,20.958,20.7825,0.1755
2,19.2837,20.174,0.8903
2,19.9124,20.188,0.2756
2,15.3258,15.5005,0.1747
2,16.356,16.4637,0.1077
2,16.7643,17.1409,0.3766
2,16.2244,17.1317,0.9073
2,16.9025,17.1409,0.2384
2,19.4048,19.9188,0.514
2,21.2321,21.0924,0.1397
2,19.8063,20.078,0.2717
2,16.7336,16.6993,0.0343
2,14.1231,14.5903,0.4672
2,14.6532,14.8497,0.1965
2,14.27,14.6444,0.3744
2,15.1395,15.5005,0.361
2,13.4852,14.413,0.9278
2,22.0,14.7203,7.2797
2,23.0,27.9716,4.9716
2,35.0,32.0237,2.9763
2,42.0,42.0865,0.0865
2,35.0,29.2839,5.7161
2,31.0,33.0929,2.0929
2,14.2,15.7585,1.5585
2,30.0,32.6522,2.6522
2,49.5,50.78,1.28
2,8.37,8.3603,0.0097
2,8.93,8.1939,0.7361
2,9.03,8.0684,0.9616
2,8.74,8.5398,0.2002
2,8.53,8.408,0.122
2,8.74,15.1177,6.3777
2,7.9,7.5455,0.3545
2,8.8,8.7117,0.0883
2,9.9,10.9488,1.0488
2,2.88,3.7396,0.8596
2,2.83,4.1468,1.3168
2,2.63,2.6386,0.0086
2,1.75,2.5233,0.7733
2,1.89,2.2613,0.3713
2,2.51,2.3701,0.1399
2,1.88,2.5155,0.6355
2,2.13,2.8047,0.6747
2,3.4,4.3169,0.9169
2,3.51,3.1201,0.3899
2,3.51,4.6325,1.1225
2,2.38,2.3042,0.0758
2,8.0,8.1391,0.1391
2,8.0,8.0107,0.0107
2,8.0,8.9459,0.9459
2,8.0,7.3392,0.6608
2,8.0,7.2862,0.7138
2,8.0,6.2819,1.7181
2,10.0,8.9459,1.0541
2,10.0,8.9459,1.0541
2,7.55,8.7507,1.2007
2,7.53,8.0473,0.5173
2,6.08,5.4928,0.5872
2,10.29,11.8143,1.5243
2,4.02,3.1311,0.8889
2,6.37,5.0044,1.3656
2,7.95,5.9462,2.0038
2,1.38,2.8867,1.5067
2,3.4,3.5453,0.1453
2,1.75,2.5233,0.7733
2,3.4,3.3898,0.0102
2,4.13,3.5152,0.6148
2,3.63,3.03,0.6
2,2.38,2.671,0.291
2,48.3,41.5407,6.7593
2,40.8,41.488,0.688
2,29.64,27.3393,2.3007
2,41.56,19.9317,21.6283
2,18.23,18.4116,0.1816
2,4.22,10.559,6.339
2,5.4,6.1906,0.7906
2,7.1,6.1531,0.9469
2,3.5,5.0644,1.5644
2,8.0,7.9464,0.0536
2,4.2,4.7512,0.5512
2,5.02,4.3678,0.6522
2,3.54,3.432,0.108
2,7.57,7.6105,0.0405
2,2.33,2.6372,0.3072
2,3.29,4.1515,0.8615
2,4.61,4.3027,0.3073
2,4.9,4.7089,0.1911
2,5.01,4.3678,0.6422
2,5.75,5.5945,0.1555
2,4.22,4.4401,0.2201
2,3.18,4.1515,0.9715
2,3.21,3.5386,0.3286
2,4.75,4.8292,0.0792
2,7.7,7.9464,0.2464
2,4.86,4.7512,0.1088
2,2.2,2.7199,0.5199
2,3.2,4.0375,0.8375
2,2.5,2.486,0.014
2,2.0,2.1387,0.1387
2,1.9,2.3487,0.4487
2,24.76,23.3824,1.3776
2,35.85,34.6768,1.1732
2,37.0,26.3652,10.6348
2,30.0,42.3314,12.3314
2,0.26,0.3297,0.0697
2,0.3,0.3297,0.0297
2,0.29,0.3297,0.0397
2,0.32,0.3297,0.0097
2,0.25,0.3297,0.0797
2,0.62,0.495,0.125
2,5.6,4.7389,0.8611
2,4.0,4.0593,0.0593
2,4.05,4.6597,0.6097
2,3.64,3.89,0.25
2,4.0,4.1144,0.1144
2,3.5,3.8241,0.3241
2,3.44,3.8241,0.3841
2,3.43,3.8492,0.4192
2,4.0,3.8443,0.1557
2,5.49,5.2757,0.2143
2,4.8,5.93,1.13
2,5.2,5.3767,0.1767
2,3.62,4.0389,0.4189
2,4.49,4.298,0.192
2,4.0,4.1339,0.1339
2,4.0,3.89,0.11
2,4.01,3.89,0.12
2,4.0,3.89,0.11
2,4.0,4.1804,0.1804
2,4.05,3.8191,0.2309
2,3.57,3.8241,0.2541
2,4.0,3.8492,0.1508
2,4.34,3.6161,0.7239
2,3.64,3.5009,0.1391
2,3.29,3.1808,0.1092
2,3.43,3.5009,0.0709
2,4.0,3.8979,0.1021
2,4.0,3.9142,0.0858
2,3.26,3.8464,0.5864
2,4.13,3.8464,0.2836
2,3.49,3.8464,0.3564
2,3.29,3.8464,0.5564
2,4.0,3.9142,0.0858
2,4.18,3.9142,0.2658
2,3.94,3.9142,0.0258
2,3.94,3.9142,0.0258
2,3.64,3.9142,0.2742
2,3.07,3.8464,0.7764
2,4.0,3.8464,0.1536
2,3.49,3.8464,0.3564
2,3.08,3.8464,0.7664
2,3.21,3.7865,0.5765
2,3.66,3.7121,0.0521
2,3.68,3.7121,0.0321
2,3.2,3.8699,0.6699
2,2.81,3.5229,0.7129
2,8.13,5.4483,2.6817
2,8.82,7.3286,1.4914
2,9.1,4.8857,4.2143
2,3.2,3.7518,0.5518
2,16.1,8.7024,7.3976
2,5.5,2.1553,3.3447
2,4.84,22.7951,17.9551
2,1.56,2.5722,1.0122
2,2.95,4.0702,1.1202
2,8.0,7.9817,0.0183
2,9.0,14.6766,5.6766
2,35.0,51.8479,16.8479
2,36.0,19.6888,16.3112
2,63.0,53.174,9.826
2,11.0,13.782,2.782
2,8.0,32.1247,24.1247
2,2.63,2.6386,0.0086
2,2.38,2.3042,0.0758
2,4.15,3.2311,0.9189
2,2.51,2.3701,0.1399
2,2.51,4.3594,1.8494
2,2.38,2.671,0.291
2,4.13,3.5152,0.6148
2,2.13,2.8047,0.6747
2,1.75,2.2482,0.4982
2,40.8,48.6485,7.8485
2,24.9,23.7845,1.1155
2,41.56,33.1472,8.4128
2,11.89,15.0221,3.1321
2,38.58,36.7844,1.7956
2,9.51,9.7412,0.2312
2,0.264,0.3297,0.0657
2,0.203,0.3297,0.1267
2,0.3523,0.3297,0.0226
2,0.552,0.3297,0.2223
2,0.291,0.3297,0.0387
2,0.376,0.3297,0.0463
2,0.418,0.3297,0.0883
2,0.245,0.3297,0.0847
2,0.244,0.3826,0.1386
2,0.263,0.3297,0.0667
2,0.3,0.3297,0.0297
2,0.353,0.3479,0.0051
2,0.353,0.3297,0.0233
2,0.348,0.3297,0.0183
2,0.287,0.3297,0.0427
2,0.473,0.495,0.022
2,0.284,0.3297,0.0457
2,0.332,0.3645,0.0325
2,0.46,0.3297,0.1303
2,0.284,0.3297,0.0457
2,0.262,0.3297,0.0677
2,0.459,0.3297,0.1293
2,0.159,0.3297,0.1707
2,0.218,0.3297,0.1117
2,0.218,0.3297,0.1117
2,0.658,0.5954,0.0626
2,0.182,0.3297,0.1477
2,0.159,0.3297,0.1707
2,0.247,0.3297,0.0827
2,0.372,0.3826,0.0106
2,0.471,0.3826,0.0884
2,0.309,0.3297,0.0207
2,0.619,0.495,0.124
2,0.353,0.3645,0.0115
2,0.9,0.6318,0.2682
2,0.329,0.3297,0.0007
3,2.72,3.2922,0.5722
3,2.26,2.884,0.624
3,2.7,5.4531,2.7531
3,2.06,3.223,1.163
3,2.9,2.6364,0.2636
3,3.28,3.3879,0.1079
3,3.61,3.3567,0.2533
3,3.34,4.1104,0.7704
3,4.66,8.7304,4.0704
3,4.32,4.0978,0.2222
3,5.1,4.5964,0.5036
3,4.89,7.2299,2.3399
3,4.65,4.6622,0.0122
3,4.56,4.2069,0.3531
3,3.88,4.4711,0.5911
3,4.33,4.2676,0.0624
3,4.11,4.2676,0.1576
3,3.42,3.1653,0.2547
3,3.14,8.3406,5.2006
3,3.3,6.5351,3.2351
3,2.86,3.7121,0.8521
3,3.1,2.4676,0.6324
3,3.87,4.6208,0.7508
3,4.46,28.0397,23.5797
3,5.15,26.9205,21.7705
3,4.94,23.2951,18.3551
3,4.66,11.0207,6.3607
3,4.55,23.4429,18.8929
3,2.76,3.0419,0.2819
3,2.76,3.4604,0.7004
3,2.63,3.1653,0.5353
3,2.93,4.4166,1.4866
3,4.06,6.0968,2.0368
3,4.06,3.3567,0.7033
3,3.97,4.2694,0.2994
3,3.89,3.5469,0.3431
3,4.87,7.2167,2.3467
3,4.53,4.1883,0.3417
3,5.54,3.8605,1.6795
3,4.66,4.3189,0.3411
3,4.02,4.4372,0.4172
3,43.42,7.0451,36.3749
3,38.31,36.9666,1.3434
3,35.73,36.2231,0.4931
3,38.0,34.9391,3.0609
3,40.0,38.2732,1.7268
3,34.0,36.6632,2.6632
3,38.0,37.8179,0.1821
3,38.0,37.796,0.204
3,40.0,38.476,1.524
3,47.0,33.5327,13.4673
3,39.0,37.0973,1.9027
3,44.0,34.459,9.541
3,44.0,38.7183,5.2817
3,39.0,37.3839,1.6161
3,49.0,34.3403,14.6597
3,28.0,29.4573,1.4573
3,33.0,36.321,3.321
3,38.0,38.1781,0.1781
3,39.4,37.9823,1.4177
3,39.4,36.7588,2.6412
3,39.4,35.0061,4.3939
3,36.0,39.5083,3.5083
3,38.0,37.2527,0.7473
3,36.0,38.432,2.432
3,28.0,29.4647,1.4647
3,29.0,29.06,0.06
3,26.0,17.9198,8.0802
3,29.0,30.5577,1.5577
3,14.0,8.5751,5.4249
3,30.0,28.8731,1.1269
3,22.0,21.4705,0.5295
3,23.0,23.4627,0.4627
3,27.0,27.3873,0.3873
3,26.0,26.7259,0.7259
3,17.0,15.6186,1.3814
3,28.0,28.3795,0.3795
3,28.0,30.0814,2.0814
3,21.0,10.6439,10.3561
3,30.0,28.7423,1.2577
3,25.0,26.204,1.204
3,29.0,29.2643,0.2643
3,28.0,29.9982,1.9982
3,20.0,14.9553,5.0447
3,25.0,23.3616,1.6384
3,28.0,30.5552,2.5552
3,29.0,27.8492,1.1508
3,32.0,33.7168,1.7168
3,33.0,34.1824,1.1824
3,28.0,27.784,0.216
3,15.0,6.4113,8.5887
3,20.0,19.0202,0.9798
3,18.0,9.3767,8.6233
3,6.7,15.8002,9.1002
3,14.6,16.4098,1.8098
3,3.9,5.2714,1.3714
3,17.0,13.3356,3.6644
3,12.9,12.2556,0.6444
3,11.7,3.1078,8.5922
3,5.7,4.2793,1.4207
3,6.0,4.409,1.591
3,2.3,1.1599,1.1401
3,2.0,5.6726,3.6726
3,14.0,17.0783,3.0783
3,16.8312,15.0367,1.7945
3,17.4995,16.9031,0.5964
3,17.989,16.5978,1.3912
3,17.8253,16.5978,1.2275
3,22.5467,22.6663,0.1196
3,22.1892,20.6825,1.5067
3,22.945,22.8462,0.0988
3,20.5146,20.2703,0.2443
3,24.9725,24.8129,0.1596
3,22.44,25.4202,2.9802
3,18.871,18.7268,0.1442
3,19.3441,18.9285,0.4156
3,19.0021,18.8986,0.1035
3,21.3131,21.4294,0.1163
3,21.0207,20.623,0.3977
3,23.7611,24.3912,0.6301
3,24.1755,24.2241,0.0486
3,24.9558,23.6308,1.325
3,24.5557,25.3925,0.8368
3,20.6119,20.4779,0.134
3,22.44,21.0688,1.3712
3,20.2189,21.0211,0.8022
3,18.3334,18.9748,0.6414
3,16.8533,16.8294,0.0239
3,17.2627,16.9266,0.3361
3,18.2011,19.4325,1.2314
3,20.6066,20.5874,0.0192
3,20.3141,20.5078,0.1937
3,13.5802,12.189,1.3912
3,13.6342,14.4194,0.7852
3,14.1702,14.7489,0.5787
3,13.9909,14.6292,0.6383
3,26.0,13.7631,12.2369
3,43.0,45.6712,2.6712
3,37.0,45.0272,8.0272
3,30.5,35.686,5.186
3,25.0,28.0016,3.0016
3,31.0,34.1276,3.1276
3,35.0,35.531,0.531
3,49.5,45.2772,4.2228
3,29.0,33.5333,4.5333
3,31.0,22.7866,8.2134
3,8.78,8.1913,0.5887
3,8.76,8.8474,0.0874
3,6.3,5.8029,0.4971
3,6.71,5.8484,0.8616
3,8.92,8.6576,0.2624
3,7.4,6.407,0.993
3,4.15,3.2984,0.8516
3,2.63,3.1123,0.4823
3,3.26,3.0694,0.1906
3,2.51,4.6262,2.1162
3,3.63,3.183,0.447
3,4.13,3.3949,0.7351
3,3.13,2.7918,0.3382
3,1.75,2.2411,0.4911
3,1.75,2.2812,0.5312
3,3.0,2.7909,0.2091
3,8.0,7.1108,0.8892
3,7.0,6.2952,0.7048
3,10.0,8.129,1.871
3,10.0,8.129,1.871
3,8.0,7.1108,0.8892
3,8.0,7.1108,0.8892
3,8.0,7.1108,0.8892
3,8.0,7.1037,0.8963
3,6.4,7.886,1.486
3,6.25,6.4849,0.2349
3,6.11,5.1499,0.9601
3,11.17,11.6705,0.5005
3,10.33,9.007,1.323
3,10.14,9.3841,0.7559
3,11.83,12.9139,1.0839
3,9.03,8.5938,0.4362
3,8.39,8.2821,0.1079
3,4.88,4.7689,0.1111
3,5.71,5.4812,0.2288
3,6.2,5.7689,0.4311
3,8.12,11.1128,2.9928
3,6.38,6.3984,0.0184
3,5.89,4.9028,0.9872
3,3.26,3.0694,0.1906
3,1.88,2.4705,0.5905
3,2.38,2.6071,0.2271
3,2.83,3.5111,0.6811
3,3.4,4.0962,0.6962
3,3.4,2.8287,0.5713
3,3.13,2.7918,0.3382
3,1.75,2.2411,0.4911
3,28.29,23.1255,5.1645
3,9.51,13.1416,3.6316
3,6.8,5.1105,1.6895
3,2.5,2.6492,0.1492
3,4.0,3.6473,0.3527
3,4.0,3.4171,0.5829
3,2.2,2.735,0.535
3,4.69,4.3604,0.3296
3,4.95,5.4004,0.4504
3,6.8,5.9803,0.8197
3,6.15,6.6327,0.4827
3,6.07,6.0127,0.0573
3,6.26,6.1613,0.0987
3,6.07,5.0666,1.0034
3,1.8,1.8907,0.0907
3,4.1,4.6645,0.5645
3,1.9,2.1096,0.2096
3,2.1,2.3646,0.2646
3,3.0,3.8419,0.8419
3,1.8,2.2227,0.4227
3,3.5,3.5343,0.0343
3,2.9,2.418,0.482
3,37.0,29.884,7.116
3,10.0,16.8886,6.8886
3,35.85,34.3962,1.4538
3,20.0,21.4408,1.4408
3,22.15,18.8015,3.3485
3,39.17,36.6028,2.5672
3,0.24,0.2851,0.0451
3,0.34,0.4245,0.0845
3,0.33,0.3404,0.0104
3,0.32,0.3499,0.0299
3,0.45,0.4149,0.0351
3,0.76,0.6037,0.1563
3,0.55,0.3499,0.2001
3,0.29,0.3404,0.0504
3,0.35,0.3404,0.0096
3,0.22,0.3404,0.1204
3,0.2,0.3404,0.1404
3,0.37,0.3499,0.0201
3,0.57,0.5504,0.0196
3,6.9,5.0252,1.8748
3,6.8,5.0252,1.7748
3,3.91,4.0966,0.1866
3,3.8,3.8194,0.0194
3,3.71,3.9056,0.1956
3,4.0,3.8303,0.1697
3,3.0,3.8502,0.8502
3,5.7,6.9965,1.2965
3,5.7,6.9965,1.2965
3,5.3,4.5993,0.7007
3,4.0,4.2926,0.2926
3,4.0,4.2531,0.2531
3,5.5,4.4643,1.0357
3,3.8,3.9209,0.1209
3,3.49,3.8388,0.3488
3,3.5,3.7555,0.2555
3,3.94,3.9515,0.0115
3,4.0,3.7749,0.2251
3,4.0,3.8502,0.1498
3,4.0,3.7857,0.2143
3,3.39,3.6587,0.2687
3,3.77,3.5319,0.2381
3,4.2,4.0898,0.1102
3,4.18,4.0605,0.1195
3,3.94,4.0605,0.1205
3,4.0,3.7444,0.2556
3,3.08,3.7444,0.6644
3,3.02,3.7444,0.7244
3,3.21,3.7373,0.5273
3,3.64,3.7373,0.0973
3,3.55,3.7373,0.1873
3,3.3,3.7373,0.4373
3,3.63,3.7373,0.1073
3,3.9,3.7373,0.1627
3,14.18,12.829,1.351
3,8.66,10.7947,2.1347
3,15.44,21.121,5.681
3,11.5,8.5628,2.9372
3,20.37,24.4036,4.0336
3,5.25,7.0726,1.8226
3,16.3,11.3171,4.9829
3,16.9,13.24,3.66
3,2.79,2.1638,0.6262
3,2.05,1.261,0.789
3,3.94,4.9034,0.9634
3,3.28,3.89,0.61
3,4.92,14.5953,9.6753
3,3.0,5.4939,2.4939
3,7.0,6.8716,0.1284
3,4.0,5.1598,1.1598
3,7.0,6.5768,0.4232
3,25.0,12.5452,12.4548
3,6.0,3.8524,2.1476
3,1.38,3.2598,1.8798
3,1.75,2.2411,0.4911
3,3.4,3.7546,0.3546
3,1.89,2.4305,0.5405
3,2.63,3.1123,0.4823
3,2.83,3.5111,0.6811
3,3.63,3.183,0.447
3,55.42,46.6623,8.7577
3,31.6,32.631,1.031
3,58.37,64.0604,5.6904
3,34.12,27.5524,6.5676
3,22.89,23.6475,0.7575
3,26.4,23.8681,2.5319
3,7.08,12.1792,5.0992
3,0.285,0.3404,0.0554
3,0.297,0.3404,0.0434
3,0.459,0.3499,0.1091
3,0.765,0.5734,0.1916
3,0.367,0.2851,0.0819
3,0.293,0.3404,0.0474
3,0.335,0.3404,0.0054
3,0.659,0.6037,0.0553
3,0.251,0.3404,0.0894
3,0.681,0.5734,0.1076
3,0.22,0.3404,0.1204
3,0.314,0.3404,0.0264
3,0.24,0.3404,0.1004
3,0.347,0.3404,0.0066
3,0.253,0.3404,0.0874
3,0.905,0.6352,0.2698
3,0.263,0.3499,0.0869
3,0.246,0.3404,0.0944
3,0.328,0.3499,0.0219
3,0.348,0.3404,0.0076
3,0.77,0.5734,0.1966
3,0.218,0.3404,0.1224
3,0.329,0.3404,0.0114
3,0.159,0.3404,0.1814
3,0.218,0.3404,0.1224
3,0.204,0.3404,0.1364
3,0.471,0.4149,0.0561
3,0.309,0.3404,0.0314
3,0.619,0.4245,0.1945
3,0.27,0.3404,0.0704
3,0.159,0.3404,0.1814
3,0.204,0.3404,0.1364
3,0.183,0.3404,0.1574
3,0.329,0.3499,0.0209
3,0.182,0.326,0.144
4,1.98,2.8144,0.8344
4,2.4,3.2483,0.8483
4,2.65,3.412,0.762
4,3.61,3.6456,0.0356
4,2.61,3.8693,1.2593
4,2.88,3.4391,0.5591
4,4.39,4.2079,0.1821
4,5.12,4.7149,0.4051
4,3.21,3.5558,0.3458
4,4.72,6.5784,1.8584
4,2.32,3.5341,1.2141
4,3.23,3.8973,0.6673
4,3.18,3.4654,0.2854
4,4.42,13.2976,8.8776
4,5.33,9.4498,4.1198
4,4.54,4.4002,0.1398
4,3.67,11.4205,7.7505
4,5.01,4.7017,0.3083
4,4.12,5.0939,0.9739
4,2.67,2.6501,0.0199
4,3.45,3.9015,0.4515
4,4.4,5.9516,1.5516
4,3.88,3.9166,0.0366
4,4.48,4.1152,0.3648
4,4.52,3.2135,1.3065
4,4.83,4.1583,0.6717
4,4.72,4.3852,0.3348
4,4.51,4.2932,0.2168
4,3.52,3.7036,0.1836
4,34.48,35.767,1.287
4,32.58,35.767,3.187
4,30.17,10.794,19.376
4,36.55,34.8477,1.7023
4,38.23,37.1464,1.0836
4,38.22,35.2406,2.9794
4,48.55,25.9424,22.6076
4,38.93,38.653,0.277
4,38.36,4.0749,34.2851
4,23.26,25.0246,1.7646
4,34.0,39.8054,5.8054
4,39.0,35.4819,3.5181
4,35.0,37.0805,2.0805
4,34.0,34.842,0.842
4,27.0,36.1306,9.1306
4,33.0,35.8712,2.8712
4,38.0,37.4474,0.5526
4,39.0,38.3003,0.6997
4,34.0,36.9672,2.9672
4,39.41,38.8005,0.6095
4,37.0,37.8842,0.8842
4,35.0,37.3552,2.3552
4,34.0,35.876,1.876
4,39.41,39.6905,0.2805
4,39.41,38.0701,1.3399
4,49.0,40.7716,8.2284
4,39.4,38.7473,0.6527
4,34.0,37.2107,3.2107
4,36.0,36.5037,0.5037
4,38.0,36.6539,1.3461
4,37.0,36.4642,0.5358
4,51.0,37.267,13.733
4,14.0,13.0599,0.9401
4,25.0,30.7002,5.7002
4,26.0,28.0354,2.0354
4,25.0,25.0685,0.0685
4,28.0,28.8746,0.8746
4,20.0,13.6976,6.3024
4,27.0,28.8754,1.8754
4,20.0,20.7342,0.7342
4,22.0,23.5214,1.5214
4,18.0,19.0131,1.0131
4,26.0,27.8135,1.8135
4,30.0,28.5954,1.4046
4,25.0,25.9919,0.9919
4,18.0,16.9245,1.0755
4,29.0,29.6256,0.6256
4,30.0,32.1565,2.1565
4,29.0,28.4853,0.5147
4,20.0,12.3923,7.6077
4,22.0,30.2121,8.2121
4,20.0,14.807,5.193
4,20.0,20.9077,0.9077
4,30.0,28.7441,1.2559
4,28.0,28.856,0.856
4,10.8,9.7099,1.0901
4,13.6,11.4743,2.1257
4,2.7,5.2563,2.5563
4,4.4,4.6909,0.2909
4,7.6,25.0168,17.4168
4,7.6,7.4269,0.1731
4,2.0,7.1572,5.1572
4,2.7,5.7693,3.0693
4,4.6,4.7323,0.1323
4,3.4,5.0531,1.6531
4,3.0,10.9581,7.9581
4,10.2,5.6133,4.5867
4,17.3633,16.2804,1.0829
4,22.9399,22.4533,0.4866
4,22.6656,22.7599,0.0943
4,20.2159,20.0465,0.1694
4,25.84,23.3087,2.5313
4,25.6653,23.5657,2.0996
4,25.0127,24.0398,0.9729
4,30.2779,29.0778,1.2001
4,29.9376,26.7325,3.2051
4,23.2779,27.9307,4.6528
4,29.7175,28.3777,1.3398
4,20.2349,20.0465,0.1884
4,19.3159,18.8719,0.444
4,23.8343,24.2288,0.3945
4,24.5509,24.2974,0.2535
4,24.1508,24.2539,0.1031
4,21.8382,24.1299,2.2917
4,19.866,19.8209,0.0451
4,20.373,21.248,0.875
4,16.8605,17.1221,0.2616
4,18.0175,18.6917,0.6742
4,16.3863,16.5614,0.1751
4,15.9672,16.3699,0.4027
4,16.8473,17.1221,0.2748
4,16.0183,16.5614,0.5431
4,16.5257,16.6466,0.1209
4,19.7245,20.0243,0.2998
4,19.2231,19.9728,0.7497
4,20.1598,20.2957,0.1359
4,16.6833,16.7084,0.0251
4,18.0375,18.6965,0.659
4,17.0655,17.0905,0.025
4,13.5489,13.2061,0.3428
4,14.2168,14.547,0.3302
4,14.7983,15.3694,0.5711
4,17.0,16.6138,0.3862
4,14.51,15.0683,0.5583
4,15.0354,14.4678,0.5676
4,30.0,29.3334,0.6666
4,18.5,27.5778,9.0778
4,38.0,38.5642,0.5642
4,35.5,28.6941,6.8059
4,49.0,44.0678,4.9322
4,8.88,9.4595,0.5795
4,8.5,8.1292,0.3708
4,8.55,8.1292,0.4208
4,8.89,9.4704,0.5804
4,8.66,9.4847,0.8247
4,8.6,8.138,0.462
4,8.74,8.9731,0.2331
4,5.7,5.2955,0.4045
4,7.0,5.3583,1.6417
4,6.85,5.3158,1.5342
4,8.85,6.1495,2.7005
4,2.83,2.8985,0.0685
4,3.0,2.7052,0.2948
4,7.0,5.814,1.186
4,8.0,6.8351,1.1649
4,10.0,8.414,1.586
4,8.0,6.8351,1.1649
4,8.0,7.1355,0.8645
4,8.0,6.7186,1.2814
4,8.0,7.1715,0.8285
4,7.0,5.814,1.186
4,5.67,5.392,0.278
4,7.08,8.334,1.254
4,6.1,5.5604,0.5396
4,6.55,6.3794,0.1706
4,8.21,8.0292,0.1808
4,4.71,4.9842,0.2742
4,6.12,7.5916,1.4716
4,7.23,6.8279,0.4021
4,6.8,5.2093,1.5907
4,2.88,3.5767,0.6967
4,2.51,3.0605,0.5505
4,2.51,4.2164,1.7064
4,3.63,3.0996,0.5304
4,9.39,10.4596,1.0696
4,3.51,5.1838,1.6738
4,2.63,2.0292,0.6008
4,44.3,40.8872,3.4128
4,38.3,35.3925,2.9075
4,18.4,18.5801,0.1801
4,4.5,5.0039,0.5039
4,2.8,3.4767,0.6767
4,8.0,7.4494,0.5506
4,4.3,5.0316,0.7316
4,6.5,5.4537,1.0463
4,5.6,3.7091,1.8909
4,7.0,6.7073,0.2927
4,4.5,4.9241,0.4241
4,6.93,5.521,1.409
4,5.79,5.1135,0.6765
4,3.13,4.0236,0.8936
4,3.41,3.3859,0.0241
4,6.03,5.2415,0.7885
4,2.84,3.4767,0.6367
4,3.63,4.0236,0.3936
4,3.3,3.7134,0.4134
4,3.0,2.3333,0.6667
4,2.7,3.0298,0.3298
4,3.4,2.8454,0.5546
4,3.5,2.8612,0.6388
4,3.4,2.9233,0.4767
4,3.9,3.2495,0.6505
4,3.0,3.0577,0.0577
4,3.3,2.8354,0.4646
4,24.76,23.5613,1.1987
4,12.0,24.1039,12.1039
4,24.76,25.9204,1.1604
4,17.0,25.8836,8.8836
4,16.0,13.4443,2.5557
4,16.48,25.7105,9.2305
4,0.26,0.3403,0.0803
4,0.26,0.319,0.059
4,0.36,0.3693,0.0093
4,0.25,0.3506,0.1006
4,0.35,0.3693,0.0193
4,0.32,0.3403,0.0203
4,0.38,0.3506,0.0294
4,0.77,0.6307,0.1393
4,0.22,0.319,0.099
4,0.66,0.5808,0.0792
4,5.49,5.4449,0.0451
4,4.6,4.3896,0.2104
4,4.0,4.2504,0.2504
4,7.25,4.6169,2.6331
4,3.55,4.1757,0.6257
4,3.24,3.9939,0.7539
4,3.66,3.8902,0.2302
4,4.0,3.7982,0.2018
4,3.57,3.8902,0.3202
4,4.96,6.7848,1.8248
4,5.1,4.603,0.497
4,5.95,4.3896,1.5604
4,4.08,4.0838,0.0038
4,4.18,4.1757,0.0043
4,3.79,3.8524,0.0624
4,4.3,3.7084,0.5916
4,4.2,3.7982,0.4018
4,4.17,3.8902,0.2798
4,3.56,3.7982,0.2382
4,4.05,3.7084,0.3416
4,4.3,4.104,0.196
4,4.01,3.7561,0.2539
4,4.0,3.8756,0.1244
4,3.83,3.606,0.224
4,3.31,3.5004,0.1904
4,4.0,3.8605,0.1395
4,3.5,3.7706,0.2706
4,2.87,3.0394,0.1694
4,3.42,3.5004,0.0804
4,3.29,3.4085,0.1185
4,3.26,3.4678,0.2078
4,4.14,4.0147,0.1253
4,3.43,4.0147,0.5847
4,3.01,4.0147,1.0047
4,3.94,4.0147,0.0747
4,3.64,4.0147,0.3747
4,3.07,3.8199,0.7499
4,3.48,3.8199,0.3399
4,3.64,3.8199,0.1799
4,3.01,4.0147,1.0047
4,3.26,3.8946,0.6346
4,3.49,3.8199,0.3299
4,3.29,3.8199,0.5299
4,3.02,3.8199,0.7999
4,3.25,3.8199,0.5699
4,3.63,3.8199,0.1899
4,5.32,8.6603,3.3403
4,4.54,6.0574,1.5174
4,3.5,3.627,0.127
4,12.5,15.937,3.437
4,1.06,2.0222,0.9622
4,2.03,1.8497,0.1803
4,7.0,9.5299,2.5299
4,6.0,5.3257,0.6743
4,55.0,53.0407,1.9593
4,21.0,23.857,2.857
4,13.0,14.103,1.103
4,3.0,2.6569,0.3431
4,1.89,2.6098,0.7198
4,3.4,3.5451,0.1451
4,2.38,2.3518,0.0282
4,3.4,3.5451,0.1451
4,63.36,62.7713,0.5887
4,25.2,25.4505,0.2505
4,70.69,65.9689,4.7211
4,27.2,28.2389,1.0389
4,18.23,19.3718,1.1418
4,36.85,38.0788,1.2288
4,18.3,28.5872,10.2872
4,13.86,24.2785,10.4185
4,0.264,0.3403,0.0763
4,0.264,0.319,0.055
4,0.529,0.4714,0.0576
4,0.305,0.3693,0.0643
4,0.352,0.3693,0.0173
4,0.333,0.3528,0.0198
4,0.324,0.3693,0.0453
4,0.286,0.319,0.033
4,0.265,0.3403,0.0753
4,0.336,0.319,0.017
4,0.358,0.319,0.039
4,0.352,0.4714,0.1194
4,0.344,0.3693,0.0253
4,0.249,0.319,0.07
4,0.254,0.319,0.065
4,0.286,0.3859,0.0999
4,0.206,0.319,0.113
4,0.354,0.3999,0.0459
4,0.35,0.3693,0.0193
4,0.757,0.6307,0.1263
4,0.251,0.3389,0.0879
4,0.202,0.319,0.117
4,0.364,0.3693,0.0053
4,0.336,0.3999,0.0639
4,0.451,0.4041,0.0469
4,0.714,0.6307,0.0833
4,0.281,0.319,0.038
4,0.452,0.3859,0.0661
4,0.321,0.3506,0.0296
4,0.471,0.4481,0.0229
4,0.658,0.5808,0.0772
4,0.619,0.4944,0.1246
4,0.27,0.319,0.049
4,0.182,0.319,0.137
4,0.565,0.5639,0.0011
4,0.204,0.319,0.115
4,0.247,0.319,0.072
4,0.619,0.4944,0.1246
4,0.292,0.3818,0.0898
4,0.9,0.713,0.187
4,0.565,0.5639,0.0011
4,0.183,0.3179,0.1349
4,0.353,0.3818,0.0288
4,0.9,0.713,0.187
4,0.247,0.319,0.072
4,0.658,0.5808,0.0772
4,0.565,0.5639,0.0011
5,2.1,2.4628,0.3628
5,2.91,3.2051,0.2951
5,3.12,3.4077,0.2877
5,3.86,2.5388,1.3212
5,3.98,4.7707,0.7907
5,4.51,5.3389,0.8289
5,5.76,6.4549,0.6949
5,4.04,5.9026,1.8626
5,5.1,6.7489,1.6489
5,4.03,6.8096,2.7796
5,3.71,5.14,1.43
5,2.61,3.0307,0.4207
5,2.56,3.395,0.835
5,4.1,2.9509,1.1491
5,4.02,9.5968,5.5768
5,3.12,4.0917,0.9717
5,4.87,7.6608,2.7908
5,3.15,4.1496,0.9996
5,3.76,3.1211,0.6389
5,4.54,3.0222,1.5178
5,5.23,3.938,1.292
5,4.01,5.9778,1.9678
5,4.67,4.1051,0.5649
5,4.0,10.4598,6.4598
5,3.32,26.5015,23.1815
5,3.45,3.3431,0.1069
5,3.96,5.3699,1.4099
5,3.32,3.2235,0.0965
5,3.45,2.6495,0.8005
5,4.13,1.5301,2.5999
5,3.85,4.517,0.667
5,4.03,4.4971,0.4671
5,3.88,2.9374,0.9426
5,5.45,4.9722,0.4778
5,4.87,4.7246,0.1454
5,4.91,3.568,1.342
5,4.43,4.7647,0.3347
5,4.37,4.5321,0.1621
5,26.22,14.1979,12.0221
5,24.35,14.1979,10.1521
5,19.69,35.7871,16.0971
5,34.35,34.4871,0.1371
5,31.19,33.9108,2.7208
5,34.85,33.8973,0.9527
5,38.31,38.0689,0.2411
5,39.85,37.5377,2.3123
5,23.49,27.5656,4.0756
5,25.03,27.5656,2.5356
5,24.29,27.5656,3.2756
5,33.0,37.0012,4.0012
5,34.0,35.2843,1.2843
5,28.0,31.2447,3.2447
5,36.0,38.2196,2.2196
5,37.0,37.5381,0.5381
5,36.0,33.7132,2.2868
5,39.41,37.9444,1.4656
5,39.41,38.7938,0.6162
5,39.41,38.6576,0.7524
5,33.0,40.0112,7.0112
5,35.0,36.9078,1.9078
5,36.0,50.4053,14.4053
5,37.0,37.5973,0.5973
5,36.0,37.4492,1.4492
5,36.0,37.0086,1.0086
5,42.0,36.1678,5.8322
5,39.0,37.489,1.511
5,42.0,41.0142,0.9858
5,26.0,26.7367,0.7367
5,20.0,21.3864,1.3864
5,18.0,16.5311,1.4689
5,22.0,21.0725,0.9275
5,22.0,23.0159,1.0159
5,26.0,27.9501,1.9501
5,26.0,27.9243,1.9243
5,25.0,14.0379,10.9621
5,16.0,14.1985,1.8015
5,18.0,16.2838,1.7162
5,28.0,29.6427,1.6427
5,26.0,28.5956,2.5956
5,29.0,26.6877,2.3123
5,32.0,32.6214,0.6214
5,29.0,27.9357,1.0643
5,18.0,16.7185,1.2815
5,28.0,24.7688,3.2312
5,31.0,29.6104,1.3896
5,30.0,28.9728,1.0272
5,29.0,28.6771,0.3229
5,28.0,28.4297,0.4297
5,25.0,13.0697,11.9303
5,25.0,26.8233,1.8233
5,23.0,23.6356,0.6356
5,5.0,3.2118,1.7882
5,2.9,3.1942,0.2942
5,11.2,25.0234,13.8234
5,3.0,9.1052,6.1052
5,7.4,17.559,10.159
5,3.0,4.7204,1.7204
5,1.0,3.2554,2.2554
5,17.4501,16.3721,1.078
5,18.2994,17.7317,0.5677
5,22.1125,21.2651,0.8474
5,19.6248,18.9621,0.6627
5,20.5092,19.8013,0.7079
5,24.4675,24.1771,0.2904
5,26.0569,22.6416,3.4153
5,25.4121,22.4717,2.9404
5,25.2785,22.8911,2.3874
5,19.7726,19.5802,0.1924
5,20.568,20.7259,0.1579
5,24.48,23.5419,0.9381
5,23.8759,24.147,0.2711
5,21.4007,21.3217,0.079
5,21.1091,20.9398,0.1693
5,20.665,22.0456,1.3806
5,17.8831,18.5944,0.7113
5,15.8773,15.8187,0.0586
5,16.8524,16.984,0.1316
5,17.7199,18.6906,0.9707
5,17.3992,17.1439,0.2553
5,19.9039,20.0943,0.1904
5,20.3646,20.6953,0.3307
5,19.9853,20.0943,0.109
5,20.0316,20.0943,0.0627
5,20.7873,20.8898,0.1025
5,19.8528,20.0943,0.2415
5,20.612,20.7259,0.1139
5,16.5949,16.6482,0.0533
5,17.5485,18.646,1.0975
5,17.5544,18.5628,1.0084
5,17.2323,17.2436,0.0113
5,15.1333,15.3073,0.174
5,15.6512,15.8187,0.1675
5,14.6216,14.8306,0.209
5,14.5163,14.4247,0.0916
5,47.0,41.7777,5.2223
5,47.0,46.5493,0.4507
5,8.33,9.8049,1.4749
5,8.76,9.8052,1.0452
5,8.31,9.6408,1.3308
5,9.24,14.3806,5.1406
5,9.88,14.9237,5.0437
5,8.75,8.6389,0.1111
5,7.61,7.1004,0.5096
5,8.57,8.3956,0.1744
5,6.99,6.3559,0.6341
5,8.4,10.0191,1.6191
5,8.55,8.3956,0.1544
5,10.0,14.5664,4.5664
5,1.38,2.7048,1.3248
5,1.75,2.2033,0.4533
5,1.89,3.2978,1.4078
5,3.4,3.283,0.117
5,3.4,3.4543,0.0543
5,3.4,2.8996,0.5004
5,2.63,3.2096,0.5796
5,3.4,3.4543,0.0543
5,3.63,2.9858,0.6442
5,8.0,7.0744,0.9256
5,8.0,7.0744,0.9256
5,8.0,7.0744,0.9256
5,8.0,7.0744,0.9256
5,8.0,7.0744,0.9256
5,7.0,6.8117,0.1883
5,5.84,5.0169,0.8231
5,5.07,4.6488,0.4212
5,5.29,4.9594,0.3306
5,7.35,8.7272,1.3772
5,7.03,8.7843,1.7543
5,6.52,7.73,1.21
5,5.59,5.8484,0.2584
5,10.79,10.2626,0.5274
5,5.27,5.3302,0.0602
5,5.99,6.7207,0.7307
5,4.38,4.1955,0.1845
5,8.52,8.1879,0.3321
5,5.85,4.802,1.048
5,2.63,2.4661,0.1639
5,2.38,2.4293,0.0493
5,1.75,2.2033,0.4533
5,1.89,3.2978,1.4078
5,4.15,3.6282,0.5218
5,2.63,2.8413,0.2113
5,2.13,2.6413,0.5113
5,3.4,3.4543,0.0543
5,11.89,11.7176,0.1724
5,21.69,20.6727,1.0173
5,18.3,23.8694,5.5694
5,3.8,3.0306,0.7694
5,6.7,6.1312,0.5688
5,5.0,3.9891,1.0109
5,3.7,4.7998,1.0998
5,3.3,3.243,0.057
5,5.39,6.1312,0.7412
5,6.15,6.2712,0.1212
5,6.14,5.7673,0.3727
5,3.89,4.4579,0.5679
5,5.78,5.1959,0.5841
5,5.07,4.3486,0.7214
5,4.44,5.1038,0.6638
5,2.2,2.5776,0.3776
5,3.37,3.4702,0.1002
5,4.79,4.512,0.278
5,2.41,2.5802,0.1702
5,3.78,3.0306,0.7494
5,4.79,3.9891,0.8009
5,4.87,4.5849,0.2851
5,4.58,4.7998,0.2198
5,2.2,2.5224,0.3224
5,1.7,2.1126,0.4126
5,2.4,3.5254,1.1254
5,2.8,2.5658,0.2342
5,35.85,23.9502,11.8998
5,21.17,20.7482,0.4218
5,16.0,13.4516,2.5484
5,12.0,27.862,15.862
5,24.76,24.1324,0.6276
5,24.76,24.016,0.744
5,0.2,0.3389,0.1389
5,0.28,0.3389,0.0589
5,0.2,0.3389,0.1389
5,0.16,0.3389,0.1789
5,0.22,0.3389,0.1189
5,0.31,0.3389,0.0289
5,0.18,0.3389,0.1589
5,0.35,0.4017,0.0517
5,5.36,5.3721,0.0121
5,6.1,6.0135,0.0865
5,6.5,5.1228,1.3772
5,4.0,3.9353,0.0647
5,4.0,3.8724,0.1276
5,3.6,3.8724,0.2724
5,3.91,3.8371,0.0729
5,3.46,3.8371,0.3771
5,4.4,4.0805,0.3195
5,6.1,6.473,0.373
5,5.23,5.3721,0.1421
5,6.02,6.0135,0.0065
5,6.28,5.4862,0.7938
5,4.57,4.199,0.371
5,4.0,4.199,0.199
5,3.5,3.8371,0.3371
5,4.1,3.8371,0.2629
5,4.2,3.8371,0.3629
5,4.0,3.8371,0.1629
5,3.72,3.5616,0.1584
5,3.07,3.5617,0.4917
5,2.91,3.5343,0.6243
5,3.04,3.5454,0.5054
5,2.89,3.5343,0.6443
5,2.89,3.2699,0.3799
5,3.1,3.5616,0.4616
5,3.08,3.8987,0.8187
5,3.25,3.8009,0.5509
5,3.49,3.7736,0.2836
5,3.68,3.7736,0.0936
5,4.13,3.8009,0.3291
5,3.48,3.8009,0.3209
5,3.68,3.7736,0.0936
5,3.69,3.7736,0.0836
5,3.62,3.7736,0.1536
5,3.01,3.7846,0.7746
5,14.28,12.7964,1.4836
5,25.87,15.1955,10.6745
5,30.36,15.9376,14.4224
5,16.7,12.4881,4.2119
5,3.7,3.6779,0.0221
5,3.2,3.5192,0.3192
5,3.45,6.7746,3.3246
5,1.5,4.5253,3.0253
5,11.0,10.689,0.311
5,54.0,55.333,1.333
5,55.0,55.333,0.333
5,12.0,12.7994,0.7994
5,6.0,14.7205,8.7205
5,11.0,10.3161,0.6839
5,2.88,3.8408,0.9608
5,2.83,3.8996,1.0696
5,1.75,2.2556,0.5056
5,3.26,3.1654,0.0946
5,1.88,2.2552,0.3752
5,9.39,10.9911,1.6011
5,3.4,2.8996,0.5004
5,3.13,3.0448,0.0852
5,3.51,3.7377,0.2277
5,70.16,66.1005,4.0595
5,44.3,43.7235,0.5765
5,64.12,62.3292,1.7908
5,48.3,53.3617,5.0617
5,54.23,43.0172,11.2128
5,15.82,11.1801,4.6399
5,43.12,51.7351,8.6151
5,28.29,24.338,3.952
5,32.21,35.1193,2.9093
5,0.203,0.3389,0.1359
5,0.362,0.3389,0.0231
5,0.248,0.3389,0.0909
5,0.336,0.4017,0.0657
5,0.455,0.3605,0.0945
5,0.764,0.5762,0.1878
5,0.382,0.3389,0.0431
5,0.321,0.3389,0.0179
5,0.348,0.3389,0.0091
5,0.477,0.3389,0.1381
5,0.9,0.5919,0.3081
5,0.392,0.3389,0.0531
5,0.224,0.371,0.147
5,0.338,0.3389,0.0009
5,0.249,0.3389,0.0899
5,0.295,0.3389,0.0439
5,0.745,0.5762,0.1688
5,0.58,0.3389,0.2411
5,0.351,0.3389,0.0121
5,0.243,0.3389,0.0959
5,0.523,0.3389,0.1841
5,0.396,0.3389,0.0571
5,0.266,0.3389,0.0729
5,0.304,0.3457,0.0417
5,0.327,0.371,0.044
5,0.357,0.3389,0.0181
5,0.477,0.3389,0.1381
5,0.372,0.4017,0.0297
5,0.329,0.371,0.042
5,0.309,0.3389,0.0299
5,0.292,0.4017,0.1097
5,0.353,0.4017,0.0487
5,0.9,0.6617,0.2383
5,0.218,0.3389,0.1209
5,0.218,0.3389,0.1209
5,0.218,0.3389,0.1209
5,0.658,0.5525,0.1055
5,0.329,0.3389,0.0099
5,0.218,0.3389,0.1209
5,0.218,0.3389,0.1209
5,0.218,0.3389,0.1209
5,0.27,0.3389,0.0689
